model,mae,rmse,mape
mlp,16.961315423850245,22.03656870312259,21.557336623764055
lstm,19.02369920359362,23.37656359640912,21.699700128201478
persistence,19.99239890667416,26.409616335722202,24.993123705150722
