model,mae,rmse,mape
persistence,0.12584254574369938,0.28930228782970924,82.57950174242762
lstm,0.16803518536701872,0.3187008218209961,70.01065093418843
mlp,0.18728601928781624,0.33587915848055605,77.50224066708576
